numero,id,nombre,categoria,area,modulo,estadoFuncional,servicioDestino,rolesAutorizados
"1","5697630","📡 API Reservas","APP_TRIGGERED","Reservas","Reservar / Reservas","BLOQUEADO","Airtable + Google Calendar","PLAYER|STAFF|ADMIN|SUPPORT"
"2","6199248","🎾 Alta de Jugador","APP_TRIGGERED","Jugadores","Alta de jugador","OPERATIVO","Airtable","STAFF|ADMIN|SUPPORT"
"3","6299114","⚠️ Alerta Crítica Fallos Make","TECHNICAL_MONITORING","Soporte","Centro de automatizaciones","NO_APLICA","Ninguno detectado","SUPPORT"
"4","6233755","🗺️ Mapa de Flujos","TECHNICAL_MONITORING","Soporte","Centro de automatizaciones","NO_APLICA","Ninguno detectado","SUPPORT"
"5","6217724","🔄 Backup Semanal","SCHEDULED","Seguridad y auditoría","Backups y seguridad","BLOQUEADO","Airtable + Google Drive","ADMIN|SUPPORT"
"6","5791128","👥 Emparejamiento Sin Pareja","SCHEDULED","Jugadores","Comunicaciones y ciclo de socio","BLOQUEADO","Airtable","STAFF|ADMIN|SUPPORT"
"7","5736472","🚨 Alerta Pistas Libres + Flash Promo","SCHEDULED","Reservas","Pistas libres y recordatorios","BLOQUEADO","Airtable","STAFF|ADMIN|SUPPORT"
"8","5736800","📋 Dashboard Ejecutivo Diario","SCHEDULED","Informes","Dashboard KPI y NPS","BLOQUEADO","Airtable","ADMIN|SUPPORT"
"9","5736468","📊 Panel KPI Semanal","SCHEDULED","Informes","Dashboard KPI y NPS","BLOQUEADO","Airtable","ADMIN|SUPPORT"
"10","5736470","🔁 Reactivación Inactivos 30d","SCHEDULED","Jugadores","Comunicaciones y ciclo de socio","BLOQUEADO","Airtable","STAFF|ADMIN|SUPPORT"
"11","5799041","📈 Predicción Ocupación","SCHEDULED","Informes","Calendario y disponibilidad","BLOQUEADO","Airtable + Google Calendar","STAFF|ADMIN|SUPPORT"
"12","5811864","🎂 Felicitación Cumpleaños","SCHEDULED","Jugadores","Comunicaciones y ciclo de socio","BLOQUEADO","Airtable","STAFF|ADMIN|SUPPORT"
"13","5811901","📊 Análisis NPS Semanal","SCHEDULED","Informes","Dashboard KPI y NPS","BLOQUEADO","Airtable","ADMIN|SUPPORT"
"14","5811888","💸 Escalado Impagos","SCHEDULED","Administración","Facturación y pagos","BLOQUEADO","Airtable","ADMIN|SUPPORT"
"15","5791032","💳 Recordatorio Cuota Mensual","SCHEDULED","Jugadores","Comunicaciones y ciclo de socio","BLOQUEADO","Airtable","STAFF|ADMIN|SUPPORT"
"16","5791119","📊 Informe Mensual","SCHEDULED","Informes","Dashboard KPI y NPS","BLOQUEADO","Airtable","ADMIN|SUPPORT"
"17","5735907","🗓️ Sincronización Multi-Calendario","INTERNAL_OPERATION","Reservas","Calendario y disponibilidad","BLOQUEADO","Airtable + Google Calendar","STAFF|ADMIN|SUPPORT"
"18","5791116","🏷️ Confirmación Inscripción Torneo","INTERNAL_OPERATION","Torneos y ranking","Centro de automatizaciones","NO_CONECTADO","Airtable","SUPPORT"
"19","4942506","🔔 Recordatorio 24h Antes","INTERNAL_OPERATION","Reservas","Pistas libres y recordatorios","BLOQUEADO","Airtable","STAFF|ADMIN|SUPPORT"
"20","5736463","⚡ Recordatorio 2h Antes","INTERNAL_OPERATION","Reservas","Pistas libres y recordatorios","BLOQUEADO","Airtable","STAFF|ADMIN|SUPPORT"
"21","5736797","🚫 Seguimiento No-Show","INTERNAL_OPERATION","Reservas","Pistas libres y recordatorios","BLOQUEADO","Airtable","STAFF|ADMIN|SUPPORT"
"22","5791113","📋 Gestión Lista de Espera","INTERNAL_OPERATION","Jugadores","Lista de espera","BLOQUEADO","Airtable","STAFF|ADMIN|SUPPORT"
"23","5750308","📧 Monitor Prueba Gratuita","INTERNAL_OPERATION","Jugadores","Comunicaciones y ciclo de socio","BLOQUEADO","Airtable","STAFF|ADMIN|SUPPORT"
"24","5811918","🔁 Onboarding Secuencial","INTERNAL_OPERATION","Jugadores","Comunicaciones y ciclo de socio","BLOQUEADO","Airtable","STAFF|ADMIN|SUPPORT"
"25","5812456","❄️ Congelación + Reactivación Membresía","INTERNAL_OPERATION","Jugadores","Comunicaciones y ciclo de socio","BLOQUEADO","Airtable","STAFF|ADMIN|SUPPORT"
"26","5791022","🎁 Bienvenida Nuevo Socio","INTERNAL_OPERATION","Jugadores","Comunicaciones y ciclo de socio","BLOQUEADO","Airtable","STAFF|ADMIN|SUPPORT"
"27","5812297","🎁 Programa de Referidos","INTERNAL_OPERATION","Jugadores","Comunicaciones y ciclo de socio","BLOQUEADO","Airtable","STAFF|ADMIN|SUPPORT"
"28","5736466","⭐ Encuesta Post-Partido","INTERNAL_OPERATION","Torneos y ranking","Centro de automatizaciones","NO_CONECTADO","Airtable","SUPPORT"
"29","4919937","🏆 Cruces de Torneo","EVENT_TRIGGERED","Torneos y ranking","Centro de automatizaciones","NO_CONECTADO","Airtable","SUPPORT"
"30","5330078","🏅 Resultados y Clasificación","EVENT_TRIGGERED","Torneos y ranking","Centro de automatizaciones","NO_CONECTADO","Airtable","SUPPORT"
"31","5791374","🏆 Reto 04 + Puntos","EVENT_TRIGGERED","Torneos y ranking","Centro de automatizaciones","NO_CONECTADO","Airtable","SUPPORT"
"32","5791133","🏟️ Cierre Temporal de Pistas","EVENT_TRIGGERED","Reservas","Cierre temporal","PROBADO_PARCIAL","Airtable + WhatsApp Business API","STAFF|ADMIN|SUPPORT"
"33","5288809","❌ Baja de Jugador + Promoción","EVENT_TRIGGERED","Jugadores","Baja de jugador","CONECTADO_SIN_PROBAR","Airtable","STAFF|ADMIN|SUPPORT"
"34","5291559","🔐 Control Acceso QR","EVENT_TRIGGERED","Acceso y QR","Control QR / Accesos","BLOQUEADO","Airtable","STAFF|ADMIN|SUPPORT"
"35","6244975","🔑 Generación QR Acceso","EVENT_TRIGGERED","Acceso y QR","Control QR / Accesos","BLOQUEADO","Ninguno detectado","STAFF|ADMIN|SUPPORT"
"36","5799031","🎧 Atención Socio WhatsApp FAQ","EVENT_TRIGGERED","Automatizaciones","Automatizaciones y bots","PENDIENTE_DE_CONFIRMAR","Airtable + Stripe + WhatsApp Business API + Telegram Bot API + Google Calendar","ADMIN|SUPPORT"
"37","5791124","🎯 Campaña Flash WhatsApp","EVENT_TRIGGERED","Automatizaciones","Automatizaciones y bots","PENDIENTE_DE_CONFIRMAR","Airtable + Stripe + WhatsApp Business API + Telegram Bot API + Google Calendar","ADMIN|SUPPORT"
"38","5733370","💰 Facturación y Cobro","EVENT_TRIGGERED","Administración","Facturación y pagos","CONECTADO_SIN_PROBAR","Airtable + Stripe + WhatsApp Business API + Telegram Bot API + Google Calendar","ADMIN|SUPPORT"
"39","5799061","💬 Chatbot Web Reservas","EVENT_TRIGGERED","Comunicaciones","Centro de automatizaciones","NO_CONECTADO","Ninguno detectado","SUPPORT"
"40","5798996","🤖 Bot IA Reservas WhatsApp","EVENT_TRIGGERED","Automatizaciones","Automatizaciones y bots","CONECTADO_SIN_PROBAR","Stripe + WhatsApp Business API + Telegram Bot API + Google Calendar","ADMIN|SUPPORT"
"41","4832095","🤖 Bot IA Reservas Telegram","EVENT_TRIGGERED","Automatizaciones","Automatizaciones y bots","CONECTADO_SIN_PROBAR","Stripe + WhatsApp Business API + Telegram Bot API + Google Calendar","ADMIN|SUPPORT"
"42","6323457","⚖️ Solicitud GDPR Acceso u Olvido de Datos","EVENT_TRIGGERED","Seguridad y auditoría","Backups y seguridad","BLOQUEADO","Airtable","ADMIN|SUPPORT"
"43","6323450","🛡️ Alerta Seguridad Acceso Sospechoso","EVENT_TRIGGERED","Seguridad y auditoría","Backups y seguridad","BLOQUEADO","Ninguno detectado","ADMIN|SUPPORT"
"44","6323441","💳 Pago Confirmado Stripe → Cuota + Recibo","EVENT_TRIGGERED","Administración","Facturación y pagos","BLOQUEADO","Airtable + Stripe","ADMIN|SUPPORT"
"45","6335117","🔄 Dunning Cobro Recurrente Stripe","EVENT_TRIGGERED","Administración","Facturación y pagos","BLOQUEADO","Airtable + Stripe","ADMIN|SUPPORT"
"46","6323445","🔑 Email Recuperación de Contraseña SaaS","EVENT_TRIGGERED","Administración","Centro de automatizaciones","NO_CONECTADO","Ninguno detectado","SUPPORT"
"47","6335114","📸 Instagram Borrador con IA","EVENT_TRIGGERED","Promociones y marketing","Centro de automatizaciones","NO_APLICA","Airtable + Instagram","SUPPORT"
"48","6335118","🔔 Notificación Push PWA","EVENT_TRIGGERED","Comunicaciones","Centro Técnico","NO_CONECTADO","Airtable + Stripe + WhatsApp Business API + Telegram Bot API + Google Calendar","SUPPORT"
"49","5747703","📝 Tally → API Reservas","EVENT_TRIGGERED","Automatizaciones","Automatizaciones y bots","PENDIENTE_DE_CONFIRMAR","Stripe + WhatsApp Business API + Telegram Bot API + Google Calendar","ADMIN|SUPPORT"
"50","6216523","🗂️ Backup Plantilla Drive","DEVELOPMENT_QA","Seguridad y auditoría","Backups y seguridad","BLOQUEADO","Google Drive","ADMIN|SUPPORT"
